,Specs,Score
0,Age,102.94393133970992
2,MonthlyIncome,77.31884579319471
1,DurationOfPitch,28.18164058774364
